test,predict,testlabel,predictlabel
0.61725,0.6227897,0,0
0.6162,0.68135536,0,1
0.6432,0.71121573,1,2
0.7217692310000001,0.68395615,2,1
0.767538462,0.7143091,2,2
