test,predict,testlabel,predictlabel
0.617916667,0.6036853,0,0
0.638166667,0.62623584,0,0
0.6507333329999999,0.67217004,1,1
0.719571429,0.7146893,2,2
0.708692308,0.7257028,2,2
