test,predict,testlabel,predictlabel
0.61725,0.62424934,0,0
0.6162,0.62315077,0,0
0.6432,0.6522509,1,1
0.7217692310000001,0.6684953,2,1
0.767538462,0.71191865,2,2
