test,predict,testlabel,predictlabel
0.60675,0.6249922,0,0
0.62475,0.62998056,0,0
0.6628571429999999,0.6901571,1,1
0.692272727,0.72531176,1,2
0.735230769,0.7033373,2,2
