test,predict,testlabel,predictlabel
0.618583333,0.62903786,0,0
0.62,0.64122814,0,1
0.656230769,0.64691603,1,1
0.712076923,0.6907039,2,1
0.757571429,0.6884936,2,1
