test,predict,testlabel,predictlabel
0.626,0.61321056,0,0
0.621727273,0.6240478,0,0
0.6596666669999999,0.62520486,1,0
0.699933333,0.65752524,1,1
0.719,0.70125395,2,2
