test,predict,testlabel,predictlabel
0.61725,0.6305552,0,0
0.6162,0.6447993,0,1
0.6432,0.6828351,1,1
0.7217692310000001,0.6760448,2,1
0.767538462,0.7002688,2,2
