test,predict,testlabel,predictlabel
0.613909091,0.66700745,0,1
0.637583333,0.6718415,0,1
0.6439999999999999,0.7037254,1,2
0.681,0.7203481,1,2
0.714,0.7510598,2,2
