test,predict,testlabel,predictlabel
0.616636364,0.6531587,0,1
0.6460833330000001,0.6687257,1,1
0.682384615,0.6711149,1,1
0.704833333,0.6924484,2,1
0.726153846,0.6890855,2,1
