test,predict,testlabel,predictlabel
0.616636364,0.6192345,0,0
0.6460833330000001,0.6390864,1,0
0.682384615,0.6377874,1,0
0.704833333,0.6552272,2,1
0.726153846,0.6772048,2,1
