test,predict,testlabel,predictlabel
0.61725,0.6126248,0,0
0.6162,0.6499933,0,1
0.6432,0.67140603,1,1
0.7217692310000001,0.6777082,2,1
0.767538462,0.6959496,2,1
