test,predict,testlabel,predictlabel
0.626,0.61405724,0,0
0.621727273,0.6257222,0,0
0.6596666669999999,0.62528294,1,0
0.699933333,0.64762396,1,1
0.719,0.7075904,2,2
