test,predict,testlabel,predictlabel
0.618583333,0.6307221,0,0
0.62,0.64060384,0,1
0.656230769,0.6471413,1,1
0.712076923,0.68480223,2,1
0.757571429,0.6865073,2,1
