test,predict,testlabel,predictlabel
0.618583333,0.6277107,0,0
0.62,0.6494112,0,1
0.656230769,0.6510494,1,1
0.712076923,0.6728455,2,1
0.757571429,0.687731,2,1
