test,predict,testlabel,predictlabel
0.616636364,0.632799,0,0
0.6460833330000001,0.6628776,1,1
0.682384615,0.6427525,1,1
0.704833333,0.6848486,2,1
0.726153846,0.6826087,2,1
