test,predict,testlabel,predictlabel
0.60675,0.6406222,0,1
0.62475,0.64159375,0,1
0.6628571429999999,0.6988736,1,1
0.692272727,0.70513475,1,2
0.735230769,0.6934856,2,1
