test,predict,testlabel,predictlabel
0.617916667,0.6192935,0,0
0.638166667,0.6270437,0,0
0.6507333329999999,0.6927557,1,1
0.719571429,0.7054202,2,2
0.708692308,0.7191549,2,2
