test,predict,testlabel,predictlabel
0.60675,0.6243888,0,0
0.62475,0.63928556,0,0
0.6628571429999999,0.7078563,1,2
0.692272727,0.72684646,1,2
0.735230769,0.6873674,2,1
