test,predict,testlabel,predictlabel
0.60675,0.6457426,0,1
0.62475,0.65005606,0,1
0.6628571429999999,0.68838453,1,1
0.692272727,0.72443944,1,2
0.735230769,0.68950236,2,1
