test,predict,testlabel,predictlabel
0.617916667,0.6125261,0,0
0.638166667,0.61682814,0,0
0.6507333329999999,0.6851859,1,1
0.719571429,0.6974222,2,1
0.708692308,0.7175025,2,2
