test,predict,testlabel,predictlabel
0.617916667,0.6133182,0,0
0.638166667,0.6213618,0,0
0.6507333329999999,0.64287716,1,1
0.719571429,0.6782306,2,1
0.708692308,0.7240482,2,2
