test,predict,testlabel,predictlabel
0.626,0.6104232,0,0
0.621727273,0.623862,0,0
0.6596666669999999,0.61690944,1,0
0.699933333,0.6617713,1,1
0.719,0.7167438,2,2
