test,predict,testlabel,predictlabel
0.613909091,0.6843972,0,1
0.637583333,0.6855766,0,1
0.6439999999999999,0.7034273,1,2
0.681,0.7158321,1,2
0.714,0.7278876,2,2
