test,predict,testlabel,predictlabel
0.613909091,0.714204,0,2
0.637583333,0.66807127,0,1
0.6439999999999999,0.6856988,1,1
0.681,0.7250801,1,2
0.714,0.72487104,2,2
