test,predict,testlabel,predictlabel
0.618583333,0.62160563,0,0
0.62,0.6393008,0,0
0.656230769,0.65916455,1,1
0.712076923,0.6725571,2,1
0.757571429,0.6935948,2,1
