test,predict,testlabel,predictlabel
0.626,0.6179977,0,0
0.621727273,0.6261457,0,0
0.6596666669999999,0.62551135,1,0
0.699933333,0.67402923,1,1
0.719,0.7216001,2,2
