test,predict,testlabel,predictlabel
0.618583333,0.62908566,0,0
0.62,0.6463874,0,1
0.656230769,0.64845735,1,1
0.712076923,0.6824188,2,1
0.757571429,0.6879321,2,1
