test,predict,testlabel,predictlabel
0.616636364,0.6545112,0,1
0.6460833330000001,0.64239776,1,1
0.682384615,0.6716094,1,1
0.704833333,0.66556925,2,1
0.726153846,0.69901,2,1
