test,predict,testlabel,predictlabel
0.61725,0.6216209,0,0
0.6162,0.6463585,0,1
0.6432,0.6726011,1,1
0.7217692310000001,0.6822921,2,1
0.767538462,0.69946456,2,1
