test,predict,testlabel,predictlabel
0.616636364,0.677842,0,1
0.6460833330000001,0.6641088,1,1
0.682384615,0.67754716,1,1
0.704833333,0.69486034,2,1
0.726153846,0.7043563,2,2
