test,predict,testlabel,predictlabel
0.613909091,0.6930737,0,1
0.637583333,0.6763234,0,1
0.6439999999999999,0.70608234,1,2
0.681,0.7208562,1,2
0.714,0.73609227,2,2
