test,predict,testlabel,predictlabel
0.60675,0.6310117,0,0
0.62475,0.63720036,0,0
0.6628571429999999,0.70140976,1,2
0.692272727,0.73114616,1,2
0.735230769,0.7142584,2,2
