test,predict,testlabel,predictlabel
0.626,0.6109637,0,0
0.621727273,0.623858,0,0
0.6596666669999999,0.6248534,1,0
0.699933333,0.6493671,1,1
0.719,0.69105434,2,1
