test,predict,testlabel,predictlabel
0.613909091,0.6585643,0,1
0.637583333,0.6629447,0,1
0.6439999999999999,0.6904772,1,1
0.681,0.7185165,1,2
0.714,0.74729353,2,2
